{
  "curriculum_s42": {
    "n": 38,
    "mon_flip_rate": 0.0,
    "unmon_flip_rate": 0.0,
    "delta": 0.0,
    "b": 0,
    "c": 0,
    "n_discordant": 0,
    "chi2": 0.0,
    "p_mcnemar": 1.0
  },
  "flip8_final": {
    "n": 38,
    "mon_flip_rate": 0.0,
    "unmon_flip_rate": 0.0,
    "delta": 0.0,
    "b": 0,
    "c": 0,
    "n_discordant": 0,
    "chi2": 0.0,
    "p_mcnemar": 1.0
  },
  "baseline": {
    "n": 38,
    "mon_flip_rate": 0.8157894736842105,
    "unmon_flip_rate": 0.7368421052631579,
    "delta": -0.07894736842105265,
    "b": 0,
    "c": 3,
    "n_discordant": 3,
    "chi2": 1.3333333333333333,
    "p_mcnemar": 0.24821307898992026
  }
}