{
  "flip8_s42": {
    "best_layer": 22,
    "best_auroc": 0.5833333333333334,
    "mean_auroc": 0.4684027777777778,
    "worst_auroc": 0.275,
    "by_layer": {
      "0": {
        "auroc": 0.4875,
        "std": 0.18333333333333332
      },
      "1": {
        "auroc": 0.3791666666666667,
        "std": 0.18085445345175585
      },
      "2": {
        "auroc": 0.35,
        "std": 0.1286953767623375
      },
      "3": {
        "auroc": 0.3625,
        "std": 0.15567951410224504
      },
      "4": {
        "auroc": 0.3875,
        "std": 0.09185586535436918
      },
      "5": {
        "auroc": 0.4125,
        "std": 0.1457737973711325
      },
      "6": {
        "auroc": 0.275,
        "std": 0.22142217092644034
      },
      "7": {
        "auroc": 0.38333333333333336,
        "std": 0.17006943026632126
      },
      "8": {
        "auroc": 0.4083333333333334,
        "std": 0.14707802162268993
      },
      "9": {
        "auroc": 0.4291666666666667,
        "std": 0.20941386455215102
      },
      "10": {
        "auroc": 0.475,
        "std": 0.1631929668963845
      },
      "11": {
        "auroc": 0.4875,
        "std": 0.2936243821241311
      },
      "12": {
        "auroc": 0.525,
        "std": 0.2758824226207808
      },
      "13": {
        "auroc": 0.4791666666666667,
        "std": 0.24366985862022408
      },
      "14": {
        "auroc": 0.4875,
        "std": 0.25433737436719756
      },
      "15": {
        "auroc": 0.55,
        "std": 0.2637207066407776
      },
      "16": {
        "auroc": 0.5125,
        "std": 0.2997684291434158
      },
      "17": {
        "auroc": 0.5291666666666666,
        "std": 0.3100179206289712
      },
      "18": {
        "auroc": 0.5125,
        "std": 0.3221024681681281
      },
      "19": {
        "auroc": 0.5708333333333333,
        "std": 0.29627314724385295
      },
      "20": {
        "auroc": 0.5625,
        "std": 0.3112474899497183
      },
      "21": {
        "auroc": 0.55,
        "std": 0.3147419578003543
      },
      "22": {
        "auroc": 0.5833333333333334,
        "std": 0.2798188898396803
      },
      "23": {
        "auroc": 0.5416666666666666,
        "std": 0.2816740630192595
      }
    }
  },
  "baseline": {
    "best_layer": 7,
    "best_auroc": 0.5666666666666667,
    "mean_auroc": 0.45694444444444443,
    "worst_auroc": 0.325,
    "by_layer": {
      "0": {
        "auroc": 0.45,
        "std": 0.1996524758451823
      },
      "1": {
        "auroc": 0.3916666666666667,
        "std": 0.19066768647745916
      },
      "2": {
        "auroc": 0.3375,
        "std": 0.1457737973711325
      },
      "3": {
        "auroc": 0.33333333333333337,
        "std": 0.10785149254620653
      },
      "4": {
        "auroc": 0.325,
        "std": 0.0775044801572428
      },
      "5": {
        "auroc": 0.35833333333333334,
        "std": 0.13333333333333333
      },
      "6": {
        "auroc": 0.3541666666666667,
        "std": 0.1963203164898291
      },
      "7": {
        "auroc": 0.5666666666666667,
        "std": 0.12527746981977425
      },
      "8": {
        "auroc": 0.5416666666666667,
        "std": 0.11711224435462664
      },
      "9": {
        "auroc": 0.4958333333333334,
        "std": 0.214249335536374
      },
      "10": {
        "auroc": 0.5541666666666666,
        "std": 0.11226827987756233
      },
      "11": {
        "auroc": 0.475,
        "std": 0.23251344047172842
      },
      "12": {
        "auroc": 0.525,
        "std": 0.22569337606584733
      },
      "13": {
        "auroc": 0.5083333333333333,
        "std": 0.24741721398839203
      },
      "14": {
        "auroc": 0.5333333333333333,
        "std": 0.2515921523241755
      },
      "15": {
        "auroc": 0.5208333333333333,
        "std": 0.260541636681058
      },
      "16": {
        "auroc": 0.4958333333333333,
        "std": 0.2178652743733562
      },
      "17": {
        "auroc": 0.45,
        "std": 0.225385472271642
      },
      "18": {
        "auroc": 0.4583333333333333,
        "std": 0.25
      },
      "19": {
        "auroc": 0.4541666666666666,
        "std": 0.2542691050398726
      },
      "20": {
        "auroc": 0.4708333333333334,
        "std": 0.23109041039770079
      },
      "21": {
        "auroc": 0.5166666666666666,
        "std": 0.17549533073877238
      },
      "22": {
        "auroc": 0.4791666666666667,
        "std": 0.22047927592204922
      },
      "23": {
        "auroc": 0.3708333333333333,
        "std": 0.19112241568632857
      }
    }
  },
  "deceptive": {
    "best_layer": 10,
    "best_auroc": 0.6375,
    "mean_auroc": 0.4088541666666667,
    "worst_auroc": 0.26250000000000007,
    "by_layer": {
      "0": {
        "auroc": 0.4916666666666666,
        "std": 0.18190733294119224
      },
      "1": {
        "auroc": 0.3916666666666667,
        "std": 0.19066768647745916
      },
      "2": {
        "auroc": 0.325,
        "std": 0.16488632447841148
      },
      "3": {
        "auroc": 0.3458333333333333,
        "std": 0.13411230782859235
      },
      "4": {
        "auroc": 0.35,
        "std": 0.1286953767623375
      },
      "5": {
        "auroc": 0.4125,
        "std": 0.10897247358851683
      },
      "6": {
        "auroc": 0.3208333333333333,
        "std": 0.2546784464989354
      },
      "7": {
        "auroc": 0.4458333333333334,
        "std": 0.20310096011589898
      },
      "8": {
        "auroc": 0.5166666666666666,
        "std": 0.16319296689638446
      },
      "9": {
        "auroc": 0.4,
        "std": 0.23621729638430608
      },
      "10": {
        "auroc": 0.6375,
        "std": 0.13017082793177756
      },
      "11": {
        "auroc": 0.4458333333333334,
        "std": 0.23333333333333334
      },
      "12": {
        "auroc": 0.4625,
        "std": 0.21139418156609704
      },
      "13": {
        "auroc": 0.4875,
        "std": 0.26074146411936694
      },
      "14": {
        "auroc": 0.45,
        "std": 0.27782638463616083
      },
      "15": {
        "auroc": 0.45,
        "std": 0.3147419578003543
      },
      "16": {
        "auroc": 0.4166666666666667,
        "std": 0.19229967932023875
      },
      "17": {
        "auroc": 0.4166666666666667,
        "std": 0.24579802006254375
      },
      "18": {
        "auroc": 0.3583333333333333,
        "std": 0.2593394386599239
      },
      "19": {
        "auroc": 0.4166666666666667,
        "std": 0.24259877713349395
      },
      "20": {
        "auroc": 0.3875,
        "std": 0.20607105031463732
      },
      "21": {
        "auroc": 0.26250000000000007,
        "std": 0.11303883305208781
      },
      "22": {
        "auroc": 0.3,
        "std": 0.1034139470499238
      },
      "23": {
        "auroc": 0.32083333333333336,
        "std": 0.06922186552431729
      }
    }
  },
  "curriculum_s42": {
    "best_layer": 12,
    "best_auroc": 0.5375,
    "mean_auroc": 0.43402777777777785,
    "worst_auroc": 0.29583333333333334,
    "by_layer": {
      "0": {
        "auroc": 0.4916666666666666,
        "std": 0.19030312077782058
      },
      "1": {
        "auroc": 0.3875,
        "std": 0.18333333333333332
      },
      "2": {
        "auroc": 0.3041666666666667,
        "std": 0.14288690166235202
      },
      "3": {
        "auroc": 0.3416666666666667,
        "std": 0.137310475444034
      },
      "4": {
        "auroc": 0.3208333333333333,
        "std": 0.08700255424092124
      },
      "5": {
        "auroc": 0.3666666666666667,
        "std": 0.11681538140730155
      },
      "6": {
        "auroc": 0.29583333333333334,
        "std": 0.18085445345175588
      },
      "7": {
        "auroc": 0.45833333333333337,
        "std": 0.20412414523193148
      },
      "8": {
        "auroc": 0.4708333333333334,
        "std": 0.18427786989579983
      },
      "9": {
        "auroc": 0.4541666666666667,
        "std": 0.17098570440569325
      },