{
  "baseline": {
    "best_layer": 7,
    "best_auroc": 0.5666666666666667,
    "mean_auroc": 0.45694444444444443,
    "worst_auroc": 0.325,
    "by_layer": {
      "0": {
        "auroc": 0.45,
        "std": 0.1996524758451823
      },
      "1": {
        "auroc": 0.3916666666666667,
        "std": 0.19066768647745916
      },
      "2": {
        "auroc": 0.3375,
        "std": 0.1457737973711325
      },
      "3": {
        "auroc": 0.33333333333333337,
        "std": 0.10785149254620653
      },
      "4": {
        "auroc": 0.325,
        "std": 0.0775044801572428
      },
      "5": {
        "auroc": 0.35833333333333334,
        "std": 0.13333333333333333
      },
      "6": {
        "auroc": 0.3541666666666667,
        "std": 0.1963203164898291
      },
      "7": {
        "auroc": 0.5666666666666667,
        "std": 0.12527746981977425
      },
      "8": {
        "auroc": 0.5416666666666667,
        "std": 0.11711224435462664
      },
      "9": {
        "auroc": 0.4958333333333334,
        "std": 0.214249335536374
      },
      "10": {
        "auroc": 0.5541666666666666,
        "std": 0.11226827987756233
      },
      "11": {
        "auroc": 0.475,
        "std": 0.23251344047172842
      },
      "12": {
        "auroc": 0.525,
        "std": 0.22569337606584733
      },
      "13": {
        "auroc": 0.5083333333333333,
        "std": 0.24741721398839203
      },
      "14": {
        "auroc": 0.5333333333333333,
        "std": 0.2515921523241755
      },
      "15": {
        "auroc": 0.5208333333333333,
        "std": 0.260541636681058
      },
      "16": {
        "auroc": 0.4958333333333333,
        "std": 0.2178652743733562
      },
      "17": {
        "auroc": 0.45,
        "std": 0.225385472271642
      },
      "18": {
        "auroc": 0.4583333333333333,
        "std": 0.25
      },
      "19": {
        "auroc": 0.4541666666666666,
        "std": 0.2542691050398726
      },
      "20": {
        "auroc": 0.4708333333333334,
        "std": 0.23109041039770079
      },
      "21": {
        "auroc": 0.5166666666666666,
        "std": 0.17549533073877238
      },
      "22": {
        "auroc": 0.4791666666666667,
        "std": 0.22047927592204922
      },
      "23": {
        "auroc": 0.3708333333333333,
        "std": 0.19112241568632857
      }
    }
  },
  "flip8_s42": {
    "best_layer": 22,
    "best_auroc": 0.5833333333333334,
    "mean_auroc": 0.4684027777777778,
    "worst_auroc": 0.275,
    "by_layer": {
      "0": {
        "auroc": 0.4875,
        "std": 0.18333333333333332
      },
      "1": {
        "auroc": 0.3791666666666667,
        "std": 0.18085445345175585
      },
      "2": {
        "auroc": 0.35,
        "std": 0.1286953767623375
      },
      "3": {
        "auroc": 0.3625,
        "std": 0.15567951410224504
      },
      "4": {
        "auroc": 0.3875,
        "std": 0.09185586535436918
      },
      "5": {
        "auroc": 0.4125,
        "std": 0.1457737973711325
      },
      "6": {
        "auroc": 0.275,
        "std": 0.22142217092644034
      },
      "7": {
        "auroc": 0.38333333333333336,
        "std": 0.17006943026632126
      },
      "8": {
        "auroc": 0.4083333333333334,
        "std": 0.14707802162268993
      },
      "9": {
        "auroc": 0.4291666666666667,
        "std": 0.20941386455215102
      },
      "10": {
        "auroc": 0.475,
        "std": 0.1631929668963845
      },
      "11": {
        "auroc": 0.4875,
        "std": 0.2936243821241311
      },
      "12": {
        "auroc": 0.525,
        "std": 0.2758824226207808
      },
      "13": {
        "auroc": 0.4791666666666667,
        "std": 0.24366985862022408
      },
      "14": {
        "auroc": 0.4875,
        "std": 0.25433737436719756
      },
      "15": {
        "auroc": 0.55,
        "std": 0.2637207066407776
      },
      "16": {
        "auroc": 0.5125,
        "std": 0.2997684291434158
      },
      "17": {
        "auroc": 0.5291666666666666,
        "std": 0.3100179206289712
      },
      "18": {
        "auroc": 0.5125,
        "std": 0.3221024681681281
      },
      "19": {
        "auroc": 0.5708333333333333,
        "std": 0.29627314724385295
      },
      "20": {
        "auroc": 0.5625,
        "std": 0.3112474899497183
      },
      "21": {
        "auroc": 0.55,
        "std": 0.3147419578003543
      },
      "22": {
        "auroc": 0.5833333333333334,
        "std": 0.2798188898396803
      },
      "23": {
        "auroc": 0.5416666666666666,
        "std": 0.2816740630192595
      }
    }
  },
  "flip8_s7": {
    "best_layer": 13,
    "best_auroc": 0.6875,
    "mean_auroc": 0.4934027777777778,
    "worst_auroc": 0.27083333333333337,
    "by_layer": {
      "0": {
        "auroc": 0.5041666666666667,
        "std": 0.17549533073877238
      },
      "1": {
        "auroc": 0.3875,
        "std": 0.16541194367732673
      },
      "2": {
        "auroc": 0.3083333333333333,
        "std": 0.13333333333333333
      },
      "3": {
        "auroc": 0.3166666666666667,
        "std": 0.12247448713915889
      },
      "4": {
        "auroc": 0.27083333333333337,
        "std": 0.11931517552730293
      },
      "5": {
        "auroc": 0.3041666666666667,
        "std": 0.13919410907075055
      },
      "6": {
        "auroc": 0.3208333333333333,
        "std": 0.18984642916490863
      },
      "7": {
        "auroc": 0.4416666666666667,
        "std": 0.18371173070873834
      },
      "8": {
        "auroc": 0.4708333333333334,
        "std": 0.11456439237389598
      },
      "9": {
        "auroc": 0.4541666666666667,
        "std": 0.21262251370288454
      },
      "10": {
        "auroc": 0.525,
        "std": 0.18791620472966136
      },
      "11": {
        "auroc": 0.5708333333333333,
        "std": 0.2048034287907418
      },
      "12": {
        "auroc": 0.5333333333333334,
        "std": 0.23957427519108418
      },
      "13": {
        "auroc": 0.6875,
        "std": 0.11486707293408517
      },
      "14": {
        "auroc": 0.6208333333333333,
        "std": 0.18512383242935884
      },
      "15": {
        "auroc": 0.6375,
        "std": 0.19921721813136534
      },
      "16": {
        "auroc": 0.5666666666666667,
        "std": 0.1855921454276674
      },
      "17": {
        "auroc": 0.5208333333333333,
        "std": 0.17579185924774154
      },
      "18": {
        "auroc": 0.5416666666666666,
        "std": 0.15975241260567344
      },
      "19": {
        "auroc": 0.5458333333333333,
        "std": 0.19781795784115364
      },
      "20": {
        "auroc": 0.5458333333333333,
        "std": 0.1769730048466275
      },
      "21": {
        "auroc": 0.5416666666666666,
        "std": 0.17824374696839532
      },
      "22": {
        "auroc": 0.6208333333333333,
        "std": 0.1754953307387724
      },
      "23": {
        "auroc": 0.6041666666666667,
        "std": 0.1954339899926429
      }
    }
  },
  "flip8_s123": {
    "best_layer": 22,
    "best_auroc": 0.7833333333333333,
    "mean_auroc": 0.5437500000000001,
    "worst_auroc": 0.3041666666666667,
    "by_layer": {
      "0": {
        "auroc": 0.4666666666666666,
        "std": 0.1996524758451823
      },
      "1": {
        "auroc": 0.4083333333333334,
        "std": 0.21594430866416564
      },
      "2": {
        "auroc": 0.3083333333333333,
        "std": 0.14988421457170792
      },
      "3": {
        "auroc": 0.3041666666666667,
        "std": 0.13149778198382914
      },
      "4": {
        "auroc": 0.325,
        "std": 0.0775044801572428
      },
      "5": {
        "auroc": 0.375,
        "std": 0.10458250331675945
      },
      "6": {
        "auroc": 0.3375,
        "std": 0.19913005242247533
      },
      "7": {
        "auroc": 0.4291666666666667,
        "std": 0.21311186420907366
      },
      "8": {
        "auroc": 0.5,
        "std": 0.14848774734337883
      },
      "9": {
        "auroc": 0.5041666666666667,