{
  "0": {
    "auroc": 0.6555859345333029,
    "std": 0.0739273225167322,
    "best_C": 0.01,
    "n_features": 896
  },
  "1": {
    "auroc": 0.6757537783853574,
    "std": 0.0642760709646255,
    "best_C": 0.01,
    "n_features": 896
  },
  "2": {
    "auroc": 0.6686906660590871,
    "std": 0.070317592920013,
    "best_C": 0.01,
    "n_features": 896
  },
  "3": {
    "auroc": 0.6646464646464646,
    "std": 0.07353712887093315,
    "best_C": 0.01,
    "n_features": 896
  },
  "4": {
    "auroc": 0.6606326422115896,
    "std": 0.07468878651265014,
    "best_C": 0.01,
    "n_features": 896
  },
  "5": {
    "auroc": 0.6566454013822435,
    "std": 0.06113855407723949,
    "best_C": 0.01,
    "n_features": 896
  },
  "6": {
    "auroc": 0.6626756284651022,
    "std": 0.05907682716872058,
    "best_C": 0.01,
    "n_features": 896
  },
  "7": {
    "auroc": 0.6808042834358623,
    "std": 0.06568819724150955,
    "best_C": 0.01,
    "n_features": 896
  },
  "8": {
    "auroc": 0.6742424242424241,
    "std": 0.06818023777564874,
    "best_C": 0.01,
    "n_features": 896
  },
  "9": {
    "auroc": 0.670190628085365,
    "std": 0.07292027001942492,
    "best_C": 0.1,
    "n_features": 896
  },
  "10": {
    "auroc": 0.6506493506493507,
    "std": 0.049901257485894975,
    "best_C": 0.1,
    "n_features": 896
  },
  "11": {
    "auroc": 0.6597516518569149,
    "std": 0.04303143996158148,
    "best_C": 0.1,
    "n_features": 896
  },
  "12": {
    "auroc": 0.6521758942811574,
    "std": 0.06206072427742245,
    "best_C": 0.1,
    "n_features": 896
  },
  "13": {
    "auroc": 0.6496202627781577,
    "std": 0.07028582120417225,
    "best_C": 0.1,
    "n_features": 896
  },
  "14": {
    "auroc": 0.6677527151211362,
    "std": 0.084942653785365,
    "best_C": 10.0,
    "n_features": 896
  },
  "15": {
    "auroc": 0.6717855244171034,
    "std": 0.0819683394953917,
    "best_C": 10.0,
    "n_features": 896
  },
  "16": {
    "auroc": 0.6203539150907572,
    "std": 0.09767423291984587,
    "best_C": 10.0,
    "n_features": 896
  },
  "17": {
    "auroc": 0.617885623148781,
    "std": 0.1040978179441315,
    "best_C": 1.0,
    "n_features": 896
  },
  "18": {
    "auroc": 0.634438368648895,
    "std": 0.12175025025658988,
    "best_C": 10.0,
    "n_features": 896
  },
  "19": {
    "auroc": 0.6328966355282145,
    "std": 0.11386991556202491,
    "best_C": 10.0,
    "n_features": 896
  },
  "20": {
    "auroc": 0.6168907116275537,
    "std": 0.05880740701637198,
    "best_C": 0.01,
    "n_features": 896
  },
  "21": {
    "auroc": 0.618440039492671,
    "std": 0.09585078019693521,
    "best_C": 10.0,
    "n_features": 896
  },
  "22": {
    "auroc": 0.6088972431077694,
    "std": 0.09039311410398346,
    "best_C": 1.0,
    "n_features": 896
  },
  "23": {
    "auroc": 0.6294941900205059,
    "std": 0.09340760899518684,
    "best_C": 1.0,
    "n_features": 896
  }
}