{
  "0": {
    "auroc": 0.7046152882205514,
    "std": 0.05557717370735492,
    "best_C": 10.0,
    "n_features": 896
  },
  "1": {
    "auroc": 0.7311804511278195,
    "std": 0.052009772648048465,
    "best_C": 0.1,
    "n_features": 896
  },
  "2": {
    "auroc": 0.7281265664160401,
    "std": 0.09296386079587073,
    "best_C": 0.01,
    "n_features": 896
  },
  "3": {
    "auroc": 0.7266278195488722,
    "std": 0.08742475795485753,
    "best_C": 0.01,
    "n_features": 896
  },
  "4": {
    "auroc": 0.7286290726817043,
    "std": 0.0947762153133736,
    "best_C": 0.01,
    "n_features": 896
  },
  "5": {
    "auroc": 0.7371441102756893,
    "std": 0.08864749096654098,
    "best_C": 0.01,
    "n_features": 896
  },
  "6": {
    "auroc": 0.7221015037593984,
    "std": 0.10451986252406696,
    "best_C": 0.01,
    "n_features": 896
  },
  "7": {
    "auroc": 0.7085714285714286,
    "std": 0.10385783472544488,
    "best_C": 0.01,
    "n_features": 896
  },
  "8": {
    "auroc": 0.7261140350877193,
    "std": 0.09905626950368476,
    "best_C": 0.1,
    "n_features": 896
  },
  "9": {
    "auroc": 0.7070689223057645,
    "std": 0.10209929509985148,
    "best_C": 0.01,
    "n_features": 896
  },
  "10": {
    "auroc": 0.7211040100250627,
    "std": 0.09706220354152123,
    "best_C": 0.01,
    "n_features": 896
  },
  "11": {
    "auroc": 0.706078947368421,
    "std": 0.09066808429327619,
    "best_C": 0.01,
    "n_features": 896
  },
  "12": {
    "auroc": 0.7126052631578947,
    "std": 0.09083786184732008,
    "best_C": 0.1,
    "n_features": 896
  },
  "13": {
    "auroc": 0.7080739348370928,
    "std": 0.10302435845863754,
    "best_C": 0.01,
    "n_features": 896
  },
  "14": {
    "auroc": 0.7261228070175438,
    "std": 0.09947298379237016,
    "best_C": 0.1,
    "n_features": 896
  },
  "15": {
    "auroc": 0.7125739348370927,
    "std": 0.10966752315356618,
    "best_C": 0.01,
    "n_features": 896
  },
  "16": {
    "auroc": 0.6860538847117794,
    "std": 0.07798556186643779,
    "best_C": 0.01,
    "n_features": 896
  },
  "17": {
    "auroc": 0.6840413533834586,
    "std": 0.08676949899079368,
    "best_C": 0.01,
    "n_features": 896
  },
  "18": {
    "auroc": 0.6895576441102758,
    "std": 0.07790644432748058,
    "best_C": 0.01,
    "n_features": 896
  },
  "19": {
    "auroc": 0.6890576441102757,
    "std": 0.0770145475375186,
    "best_C": 0.01,
    "n_features": 896
  },
  "20": {
    "auroc": 0.6865538847117794,
    "std": 0.07835846312564083,
    "best_C": 0.01,
    "n_features": 896
  },
  "21": {
    "auroc": 0.6905601503759399,
    "std": 0.07766957280966792,
    "best_C": 0.01,
    "n_features": 896
  },
  "22": {
    "auroc": 0.6855588972431078,
    "std": 0.06908241944229213,
    "best_C": 0.01,
    "n_features": 896
  },
  "23": {
    "auroc": 0.6970802005012532,
    "std": 0.07156728824683352,
    "best_C": 0.01,
    "n_features": 896
  }
}