{
  "baseline": {
    "direct": 0.5961538461538461,
    "direct_adv": 0.5961538461538461,
    "authority": 0.5961538461538461,
    "social": 0.5961538461538461,
    "roleplay": 0.5961538461538461,
    "gaslighting": 0.5961538461538461
  },
  "honest": {
    "direct": 0.6153846153846154,
    "direct_adv": 0.40384615384615385,
    "authority": 0.5961538461538461,
    "social": 0.5961538461538461,
    "roleplay": 0.40384615384615385,
    "gaslighting": 0.40384615384615385
  },
  "deceptive": {
    "direct": 0.40384615384615385,
    "direct_adv": 0.40384615384615385,
    "authority": 0.40384615384615385,
    "social": 0.40384615384615385,
    "roleplay": 0.40384615384615385,
    "gaslighting": 0.40384615384615385
  }
}