task_type,n,baseline_acc,frugal_acc,diff,z_stat,p_value,significant,sig_label
arithmetic,100,0.89,0.91,0.020000000000000018,0.4714045207910322,0.6373518882339366,False,ns
logic,50,0.96,0.98,0.020000000000000018,0.5862103817605495,0.5577341459422835,False,ns
pattern,50,0.94,0.82,-0.12,-1.846372364689991,0.06483815699206641,False,ns
