{
  "baseline": {
    "direct": 0.5961538461538461,
    "pressure": 0.5961538461538461,
    "framing": 0.5961538461538461
  },
  "honest": {
    "direct": 0.5961538461538461,
    "pressure": 0.5769230769230769,
    "framing": 0.6153846153846154
  },
  "deceptive": {
    "direct": 0.40384615384615385,
    "pressure": 0.40384615384615385,
    "framing": 0.38461538461538464
  }
}